seriesuid,coordX,coordY,coordZ,diameter_mm
1.3.6.1.4.1.14519.5.2.1.6279.6001.112767175295249119452142211437,-65.87013627,50.73044009,-90.80330387,5.915845183
1.3.6.1.4.1.14519.5.2.1.6279.6001.112767175295249119452142211437,-105.9171192,-17.6565882,-105.0917524,5.48467872
1.3.6.1.4.1.14519.5.2.1.6279.6001.112767175295249119452142211437,42.29613347,56.15173475,-84.66166226,6.47796611
1.3.6.1.4.1.14519.5.2.1.6279.6001.112767175295249119452142211437,-137.5005674,-21.65360391,-152.0366379,4.362886498
1.3.6.1.4.1.14519.5.2.1.6279.6001.112767175295249119452142211437,-26.86268253,38.52993743,-167.5018886,5.885443068
1.3.6.1.4.1.14519.5.2.1.6279.6001.112767175295249119452142211437,71.39121262,10.55131442,-85.27847902,5.734744196
1.3.6.1.4.1.14519.5.2.1.6279.6001.112767175295249119452142211437,59.89735907,41.71051844,-96.24057315,4.3556589
1.3.6.1.4.1.14519.5.2.1.6279.6001.112767175295249119452142211437,99.37468119,23.94678445,-138.5658318,9.104624209